,Date,Account,Debit,Credit,Amount
1001  SCB HK$ 1,,,,,
,11/01/2011,1001  SCB HK$ 1,,86.41,-86.41
,11/01/2011,1001  SCB HK$ 1,,340.38,-340.38
,11/01/2011,1001  SCB HK$ 1,,3159.56,-3159.56
,11/01/2011,1001  SCB HK$ 1,,650,-650
,11/01/2011,1001  SCB HK$ 1,4379.4,,4379.4
,25/01/2011,1001  SCB HK$ 1,,8879.1,-8879.1
,25/01/2011,1001  SCB HK$ 1,,4416.92,-4416.92
,25/01/2011,1001  SCB HK$ 1,,512.82,-512.82
,25/01/2011,1001  SCB HK$ 1,,818.1,-818.1
,25/01/2011,1001  SCB HK$ 1,14655.02,,14655.02
,15/02/2011,1001  SCB HK$ 1,3341.99,,3341.99
,16/02/2011,1001  SCB HK$ 1,,101.03,-101.03
,16/02/2011,1001  SCB HK$ 1,,3159.56,-3159.56
,28/02/2011,1001  SCB HK$ 1,7455.39,,7455.39
,28/02/2011,1001  SCB HK$ 1,,4689.74,-4689.74
,28/02/2011,1001  SCB HK$ 1,,2325.06,-2325.06
,28/02/2011,1001  SCB HK$ 1,,501.15,-501.15
,10/03/2011,1001  SCB HK$ 1,3985.8,,3985.8
,11/03/2011,1001  SCB HK$ 1,,95,-95
,11/03/2011,1001  SCB HK$ 1,,3255.72,-3255.72
,11/03/2011,1001  SCB HK$ 1,,42.31,-42.31
,11/03/2011,1001  SCB HK$ 1,,370.02,-370.02
,21/03/2011,1001  SCB HK$ 1,7459.61,,7459.61
,31/03/2011,1001  SCB HK$ 1,,4689.74,-4689.74
,31/03/2011,1001  SCB HK$ 1,,2325.06,-2325.06
,31/03/2011,1001  SCB HK$ 1,,501.15,-501.15
,11/04/2011,1001  SCB HK$ 1,3996.17,,3996.17
,12/04/2011,1001  SCB HK$ 1,,719.1,-719.1
,12/04/2011,1001  SCB HK$ 1,,3191.37,-3191.37
,12/04/2011,1001  SCB HK$ 1,,110.26,-110.26
,29/04/2011,1001  SCB HK$ 1,7602.96,,7602.96
Total 1001  SCB HK$ 1,,,52876.34,44939.56,7936.78
1002  SCB HK$ 2,,,,,
Total 1002  SCB HK$ 2,,,,,
1005  SCB US$,,,,,
,11/01/2011,1005  SCB US$,,4379.4,-4379.4
,11/01/2011,1005  SCB US$,5212.01,,5212.01
,11/01/2011,1005  SCB US$,31746.23,,31746.23
,25/01/2011,1005  SCB US$,,14655.02,-14655.02
,25/01/2011,1005  SCB US$,12466.07,,12466.07
,31/01/2011,1005  SCB US$,0.95,,0.95
,31/01/2011,1005  SCB US$,,1.95,-1.95
,15/02/2011,1005  SCB US$,,3341.99,-3341.99
,25/02/2011,1005  SCB US$,,20000,-20000
,25/02/2011,1005  SCB US$,,11086,-11086
,28/02/2011,1005  SCB US$,,7455.39,-7455.39
,28/02/2011,1005  SCB US$,,61.56,-61.56
,28/02/2011,1005  SCB US$,0.78,,0.78
,28/02/2011,1005  SCB US$,,20.52,-20.52
,28/02/2011,1005  SCB US$,,25481.6,-25481.6
,10/03/2011,1005  SCB US$,,3985.8,-3985.8
,21/03/2011,1005  SCB US$,15739.3,,15739.3
,21/03/2011,1005  SCB US$,,1.95,-1.95
,21/03/2011,1005  SCB US$,0.47,,0.47
,21/03/2011,1005  SCB US$,,7459.61,-7459.61
,11/04/2011,1005  SCB US$,,3996.17,-3996.17
,29/04/2011,1005  SCB US$,,7602.96,-7602.96
,30/04/2011,1005  SCB US$,0.45,,0.45
Total 1005  SCB US$,,,65166.26,109529.92,-44363.66
1008  Cash Suspense,,,,,
Total 1008  Cash Suspense,,,,,
1021  Petty Cash,,,,,
,25/01/2011,1021  Petty Cash,209.74,,209.74
Total 1021  Petty Cash,,,209.74,0,209.74
1200  Accounts Receivable,,,,,
,25/01/2011,1200  Accounts Receivable,,12466.07,-12466.07
,15/02/2011,1200  Accounts Receivable,17328.29,,17328.29
,15/03/2011,1200  Accounts Receivable,8411.01,,8411.01
,21/03/2011,1200  Accounts Receivable,,15739.3,-15739.3
,6/04/2011,1200  Accounts Receivable,14389.28,,14389.28
,16/05/2011,1200  Accounts Receivable,8894.65,,8894.65
Total 1200  Accounts Receivable,,,49023.23,28205.37,20817.86
1201  Other Debtors,,,,,
Total 1201  Other Debtors,,,,,
1220  MR Accounts Receivable,,,,,
,11/01/2011,1220  MR Accounts Receivable,,31255.95,-31255.95
Total 1220  MR Accounts Receivable,,,0,31255.95,-31255.95
1222  THB Accounts Receivable,,,,,
Total 1222  THB Accounts Receivable,,,,,
1224  NZD Accounts Receivable,,,,,
,11/01/2011,1224  NZD Accounts Receivable,,4638.15,-4638.15
Total 1224  NZD Accounts Receivable,,,0,4638.15,-4638.15
1230  Temporary Suspense,,,,,
Total 1230  Temporary Suspense,,,,,
1300  Prepayments,,,,,
Total 1300  Prepayments,,,,,
1420  Advance Legal Fees,,,,,
Total 1420  Advance Legal Fees,,,,,
1450  Deposits & Advances,,,,,
1451  Lease Deposit,,,,,
Total 1451  Lease Deposit,,,,,
1452  Other Deposits,,,,,
Total 1452  Other Deposits,,,,,
1453  Utilities Deposits,,,,,
Total 1453  Utilities Deposits,,,,,
1450  Deposits & Advances - Other,,,,,
Total 1450  Deposits & Advances - Other,,,,,
Total 1450  Deposits & Advances,,,,,
1460  Accrued Revenue,,,,,
,14/02/2011,1460  Accrued Revenue,,7328.29,-7328.29
Total 1460  Accrued Revenue,,,0,7328.29,-7328.29
1470  Directors Loans,,,,,
1471  Director 1,,,,,
Total 1471  Director 1,,,,,
1472  Director 2,,,,,
Total 1472  Director 2,,,,,
1473  Director 3,,,,,
Total 1473  Director 3,,,,,
1470  Directors Loans - Other,,,,,
Total 1470  Directors Loans - Other,,,,,
Total 1470  Directors Loans,,,,,
1480  Loan - ABC Singapore,,,,,
,25/02/2011,1480  Loan - ABC Singapore,20000,,20000
Total 1480  Loan - ABC Singapore,,,20000,0,20000
1485  Loans - ABC Australia,,,,,
,28/02/2011,1485  Loans - ABC Australia,25481.6,,25481.6
Total 1485  Loans - ABC Australia,,,25481.6,0,25481.6
1490  Loans ABC Software UK,,,,,
Total 1490  Loans ABC Software UK,,,,,
1499  Undeposited Funds,,,,,
Total 1499  Undeposited Funds,,,,,
1510  Employee Advances,,,,,
Total 1510  Employee Advances,,,,,
1890  Office Equipment,,,,,
1891  Cost,,,,,
Total 1891  Cost,,,,,
1892  Accumulated Depreciation,,,,,
Total 1892  Accumulated Depreciation,,,,,
1890  Office Equipment - Other,,,,,
Total 1890  Office Equipment - Other,,,,,
Total 1890  Office Equipment,,,,,
1910  Computer Equipment,,,,,
1911  Cost,,,,,
Total 1911  Cost,,,,,
1912  Accumulated Depn,,,,,
Total 1912  Accumulated Depn,,,,,
1910  Computer Equipment - Other,,,,,
Total 1910  Computer Equipment - Other,,,,,
Total 1910  Computer Equipment,,,,,
1950  Fixtures & Fittings,,,,,
1951  Accumulated Depreciation,,,,,
Total 1951  Accumulated Depreciation,,,,,
1952  Cost,,,,,
Total 1952  Cost,,,,,
1950  Fixtures & Fittings - Other,,,,,
Total 1950  Fixtures & Fittings - Other,,,,,
Total 1950  Fixtures & Fittings,,,,,
Royalties on Software Payable,,,,,
Total Royalties on Software Payable,,,,,
Withholding Tax Payable,,,,,
Total Withholding Tax Payable,,,,,
2000  Accounts Payable,,,,,
,1/01/2011,2000  Accounts Payable,,3159.56,-3159.56
,2/01/2011,2000  Accounts Payable,,3159.56,-3159.56
,7/01/2011,2000  Accounts Payable,,340.38,-340.38
,11/01/2011,2000  Accounts Payable,86.41,,86.41
,11/01/2011,2000  Accounts Payable,340.38,,340.38
,11/01/2011,2000  Accounts Payable,3159.56,,3159.56
,11/01/2011,2000  Accounts Payable,650,,650
,24/01/2011,2000  Accounts Payable,,101.03,-101.03
,31/01/2011,2000  Accounts Payable,,11086,-11086
,16/02/2011,2000  Accounts Payable,101.03,,101.03
,16/02/2011,2000  Accounts Payable,3159.56,,3159.56
,23/02/2011,2000  Accounts Payable,,95,-95
,25/02/2011,2000  Accounts Payable,11086,,11086
,26/02/2011,2000  Accounts Payable,,42.31,-42.31
,1/03/2011,2000  Accounts Payable,,3255.72,-3255.72
,11/03/2011,2000  Accounts Payable,95,,95
,11/03/2011,2000  Accounts Payable,3255.72,,3255.72
,11/03/2011,2000  Accounts Payable,42.31,,42.31
,26/03/2011,2000  Accounts Payable,,719.1,-719.1
,28/03/2011,2000  Accounts Payable,,110.26,-110.26
,1/04/2011,2000  Accounts Payable,,3191.37,-3191.37
,12/04/2011,2000  Accounts Payable,719.1,,719.1
,12/04/2011,2000  Accounts Payable,3191.37,,3191.37
,12/04/2011,2000  Accounts Payable,110.26,,110.26
Total 2000  Accounts Payable,,,25996.7,25260.29,736.41
Loan - ITH,,,,,
Total Loan - ITH,,,,,
2050  Shareholders Loans,,,,,
Total 2050  Shareholders Loans,,,,,
2060  Other Payables,,,,,
Total 2060  Other Payables,,,,,
2070  Loans from Affiliate Companies,,,,,
2080  Loans ITH,,,,,
Total 2080  Loans ITH,,,,,
2085  Loan from Affiliate 1,,,,,
Total 2085  Loan from Affiliate 1,,,,,
2090  Loan from XYZ Company,,,,,
Total 2090  Loan from XYZ Company,,,,,
2095  Loans from Affiliate 2,,,,,
Total 2095  Loans from Affiliate 2,,,,,
2070  Loans from Affiliate Companies - Other,,,,,
Total 2070  Loans from Affiliate Companies - Other,,,,,
Total 2070  Loans from Affiliate Companies,,,,,
2100  Payroll Liabilities,,,,,
,25/01/2011,2100  Payroll Liabilities,,128.21,-128.21
,25/01/2011,2100  Payroll Liabilities,,128.2,-128.2
,25/01/2011,2100  Payroll Liabilities,0,,0
,25/01/2011,2100  Payroll Liabilities,0,,0
,25/01/2011,2100  Payroll Liabilities,,128.2,-128.2
,25/01/2011,2100  Payroll Liabilities,,128.21,-128.21
,25/01/2011,2100  Payroll Liabilities,0,,0
,25/01/2011,2100  Payroll Liabilities,128.2,,128.2
,25/01/2011,2100  Payroll Liabilities,128.21,,128.21
,25/01/2011,2100  Payroll Liabilities,256.41,,256.41
,28/02/2011,2100  Payroll Liabilities,,128.21,-128.21
,28/02/2011,2100  Payroll Liabilities,,128.21,-128.21
,28/02/2011,2100  Payroll Liabilities,0,,0
,28/02/2011,2100  Payroll Liabilities,0,,0
,28/02/2011,2100  Payroll Liabilities,128.21,,128.21
,28/02/2011,2100  Payroll Liabilities,122.36,,122.36
,28/02/2011,2100  Payroll Liabilities,250.58,,250.58
,28/02/2011,2100  Payroll Liabilities,,122.37,-122.37
,28/02/2011,2100  Payroll Liabilities,,122.36,-122.36
,28/02/2011,2100  Payroll Liabilities,0,,0
,31/03/2011,2100  Payroll Liabilities,,128.21,-128.21
,31/03/2011,2100  Payroll Liabilities,,128.21,-128.21
,31/03/2011,2100  Payroll Liabilities,0,,0
,31/03/2011,2100  Payroll Liabilities,0,,0
,31/03/2011,2100  Payroll Liabilities,128.21,,128.21
,31/03/2011,2100  Payroll Liabilities,122.38,,122.38
,31/03/2011,2100  Payroll Liabilities,250.56,,250.56
,31/03/2011,2100  Payroll Liabilities,,122.37,-122.37
,31/03/2011,2100  Payroll Liabilities,,122.36,-122.36
,31/03/2011,2100  Payroll Liabilities,0,,0
Total 2100  Payroll Liabilities,,,1515.12,1515.12,0
2200  GST Control,,,,,
Total 2200  GST Control,,,,,
2200  GST Control Duplicate,,,,,
Total 2200  GST Control Duplicate,,,,,
2710  Prepaid Maintenance,,,,,
,31/03/2011,2710  Prepaid Maintenance,15690.74,,15690.74
Total 2710  Prepaid Maintenance,,,15690.74,0,15690.74
2850  Withholding Tax,,,,,
Total 2850  Withholding Tax,,,,,
2860  Accrued Expense,,,,,
,25/01/2011,2860  Accrued Expense,2097.69,,2097.69
,25/01/2011,2860  Accrued Expense,4189.35,,4189.35
Total 2860  Accrued Expense,,,6287.04,0,6287.04
2870  Taxation Payable,,,,,
Total 2870  Taxation Payable,,,,,
2880  Deferred Taxation,,,,,
Total 2880  Deferred Taxation,,,,,
3000  Opening Bal Equity,,,,,
Total 3000  Opening Bal Equity,,,,,
3100  Share Capital,,,,,
Total 3100  Share Capital,,,,,
3200  Retained Earnings,,,,,
Total 3200  Retained Earnings,,,,,
3300  Share Premium,,,,,
Total 3300  Share Premium,,,,,
4010  SW Licenses,,,,,
Total 4010  SW Licenses,,,,,
4020  Software M&S Income,,,,,
,31/03/2011,4020  Software M&S Income,,5230.24,-5230.24
,31/03/2011,4020  Software M&S Income,,5230.25,-5230.25
,31/03/2011,4020  Software M&S Income,,5230.25,-5230.25
Total 4020  Software M&S Income,,,0,15690.74,-15690.74
4030  Consulting Income,,,,,
,14/02/2011,4030  Consulting Income,7328.29,,7328.29
,15/02/2011,4030  Consulting Income,,17328.29,-17328.29
,15/03/2011,4030  Consulting Income,,5903.86,-5903.86
,15/03/2011,4030  Consulting Income,,425.29,-425.29
,15/03/2011,4030  Consulting Income,,905.36,-905.36
,15/03/2011,4030  Consulting Income,,944.36,-944.36
,15/03/2011,4030  Consulting Income,,232.14,-232.14
,6/04/2011,4030  Consulting Income,,14389.28,-14389.28
,16/05/2011,4030  Consulting Income,,8631.15,-8631.15
,16/05/2011,4030  Consulting Income,,263.5,-263.5
Total 4030  Consulting Income,,,7328.29,49023.23,-41694.94
4031  Software Development,,,,,
Total 4031  Software Development,,,,,
4040  Reimbursed Expenses,,,,,
Total 4040  Reimbursed Expenses,,,,,
4050  Miscellaneous Income,,,,,
Total 4050  Miscellaneous Income,,,,,
4060  Discount Allowance,,,,,
Total 4060  Discount Allowance,,,,,
4090  Sundry Income,,,,,
Total 4090  Sundry Income,,,,,
49900  Uncategorised Income,,,,,
Total 49900  Uncategorised Income,,,,,
5010  Software Product Sales COGS,,,,,
5011  Software Licences,,,,,
Total 5011  Software Licences,,,,,
5013  Software Product M&S,,,,,
Total 5013  Software Product M&S,,,,,
5015  Withholding Tax,,,,,
Total 5015  Withholding Tax,,,,,
5010  Software Product Sales COGS - Other,,,,,
Total 5010  Software Product Sales COGS - Other,,,,,
Total 5010  Software Product Sales COGS,,,,,
5020  External Consulting,,,,,
5021  External Consulting Net Fees,,,,,
Total 5021  External Consulting Net Fees,,,,,
5022  Withholding Tax,,,,,
Total 5022  Withholding Tax,,,,,
5024  Documentation Development,,,,,
Total 5024  Documentation Development,,,,,
5020  External Consulting - Other,,,,,
Total 5020  External Consulting - Other,,,,,
Total 5020  External Consulting,,,,,
Exchange Gain/Loss,,,,,
,11/01/2011,8020  Curr. Exch Loss/(Gain),,573.86,-573.86
,11/01/2011,8020  Curr. Exch Loss/(Gain),,490.28,-490.28
Total Exchange Gain/Loss,,,0,1064.14,-1064.14
6005  Directors Emoluments,,,,,
Total 6005  Directors Emoluments,,,,,
6010  Salaries & Benefits,,,,,
6011  Salary,,,,,
,25/01/2011,6011  Salary,4817.95,,4817.95
,25/01/2011,6011  Salary,2447.44,,2447.44
,28/02/2011,6011  Salary,4817.95,,4817.95
,28/02/2011,6011  Salary,2447.42,,2447.42
,31/03/2011,6011  Salary,4817.95,,4817.95
,31/03/2011,6011  Salary,2447.42,,2447.42
Total 6011  Salary,,,21796.13,0,21796.13
6012  Allowance,,,,,
Total 6012  Allowance,,,,,
6013  Bonus,,,,,
,25/01/2011,6013  Bonus,4189.35,,4189.35
,25/01/2011,6013  Bonus,2097.69,,2097.69
,25/01/2011,6013  Bonus,,2097.69,-2097.69
,25/01/2011,6013  Bonus,,4189.35,-4189.35
,28/02/2011,6013  Bonus,0,,0
Total 6013  Bonus,,,6287.04,6287.04,0
6014  Leave Pay Due on Termination,,,,,
Total 6014  Leave Pay Due on Termination,,,,,
6015  MPF Contributions,,,,,
,25/01/2011,6015  MPF Contributions,128.21,,128.21
,25/01/2011,6015  MPF Contributions,128.2,,128.2
,28/02/2011,6015  MPF Contributions,128.21,,128.21
,28/02/2011,6015  MPF Contributions,122.37,,122.37
,31/03/2011,6015  MPF Contributions,128.21,,128.21
,31/03/2011,6015  MPF Contributions,122.37,,122.37
Total 6015  MPF Contributions,,,757.57,0,757.57
6017  Health Cover,,,,,
Total 6017  Health Cover,,,,,
6018  Medical Benefits,,,,,
,25/01/2011,6018  Medical Benefits,144.87,,144.87
,11/03/2011,6018  Medical Benefits,103.85,,103.85
Total 6018  Medical Benefits,,,248.72,0,248.72
6019  Training,,,,,
Total 6019  Training,,,,,
6010  Salaries & Benefits - Other,,,,,
Total 6010  Salaries & Benefits - Other,,,,,
Total 6010  Salaries & Benefits,,,29089.46,6287.04,22802.42
6020  Occupancy Charges,,,,,
6021  Rent,,,,,
,1/01/2011,6021  Rent,2703.65,,2703.65
,2/01/2011,6021  Rent,2703.65,,2703.65
,1/03/2011,6021  Rent,2703.65,,2703.65
,1/04/2011,6021  Rent,2703.65,,2703.65
Total 6021  Rent,,,10814.6,0,10814.6
6022  Amenities,,,,,
,1/04/2011,6022  Amenities,487.72,,487.72
Total 6022  Amenities,,,487.72,0,487.72
6023  Service Charge,,,,,
,1/01/2011,6023  Service Charge,455.91,,455.91
,2/01/2011,6023  Service Charge,455.91,,455.91
,1/03/2011,6023  Service Charge,455.92,,455.92
Total 6023  Service Charge,,,1367.74,0,1367.74
6024  Signage,,,,,
Total 6024  Signage,,,,,
6025  Rates,,,,,
,1/03/2011,6025  Rates,96.15,,96.15
Total 6025  Rates,,,96.15,0,96.15
6020  Occupancy Charges - Other,,,,,
Total 6020  Occupancy Charges - Other,,,,,
Total 6020  Occupancy Charges,,,12766.21,0,12766.21
6030  Office Admin Costs,,,,,
6031  Office Cleaning/Amenities,,,,,
,25/01/2011,6031  Office Cleaning/Amenities,64.1,,64.1
,11/03/2011,6031  Office Cleaning/Amenities,128.21,,128.21
Total 6031  Office Cleaning/Amenities,,,192.31,0,192.31
6032  Secretarial Services,,,,,
Total 6032  Secretarial Services,,,,,
6030  Office Admin Costs - Other,,,,,
Total 6030  Office Admin Costs - Other,,,,,
Total 6030  Office Admin Costs,,,192.31,0,192.31
6040  Recruitment Advertising,,,,,
6042  Internet Recruitment,,,,,
Total 6042  Internet Recruitment,,,,,
6044  Recruitment Agency Fee,,,,,
Total 6044  Recruitment Agency Fee,,,,,
6040  Recruitment Advertising - Other,,,,,
Total 6040  Recruitment Advertising - Other,,,,,
Total 6040  Recruitment Advertising,,,,,
6050  Employee Training,,,,,
6052  Fees Paid for External Training,,,,,
Total 6052  Fees Paid for External Training,,,,,
6054  Government Grants for Training,,,,,
Total 6054  Government Grants for Training,,,,,
6050  Employee Training - Other,,,,,
Total 6050  Employee Training - Other,,,,,
Total 6050  Employee Training,,,,,
6100  Marketing,,,,,
6101  Seminars & Promotion,,,,,
Total 6101  Seminars & Promotion,,,,,
6102  Printed Marketing Material,,,,,
Total 6102  Printed Marketing Material,,,,,
6103  Outside Services,,,,,
Total 6103  Outside Services,,,,,
6100  Marketing - Other,,,,,
Total 6100  Marketing - Other,,,,,
Total 6100  Marketing,,,,,
6110  Motor Expense,,,,,
Total 6110  Motor Expense,,,,,
6120  Bank Service Charges,,,,,
,31/01/2011,6120  Bank Service Charges,1.95,,1.95
,28/02/2011,6120  Bank Service Charges,30.78,,30.78
,28/02/2011,6120  Bank Service Charges,30.78,,30.78
,28/02/2011,6120  Bank Service Charges,20.52,,20.52
,21/03/2011,6120  Bank Service Charges,1.95,,1.95
Total 6120  Bank Service Charges,,,85.98,0,85.98
6125  Books and Publications,,,,,
Total 6125  Books and Publications,,,,,
6130  Cash Discounts,,,,,
Total 6130  Cash Discounts,,,,,
6140  Gifts and Donations,,,,,
Total 6140  Gifts and Donations,,,,,
6150  Depreciation Expense,,,,,
6153  Office Equip Depn,,,,,
Total 6153  Office Equip Depn,,,,,
6155  Depn Comp Eqt,,,,,
Total 6155  Depn Comp Eqt,,,,,
6157  Depn Fixtures & Fittings,,,,,
Total 6157  Depn Fixtures & Fittings,,,,,
6150  Depreciation Expense - Other,,,,,
Total 6150  Depreciation Expense - Other,,,,,
Total 6150  Depreciation Expense,,,,,
6160  Dues and Subscriptions,,,,,
Total 6160  Dues and Subscriptions,,,,,
6165  Entertainment,,,,,
,25/01/2011,6165  Entertainment,18.46,,18.46
Total 6165  Entertainment,,,18.46,0,18.46
6170  Equipment Rental,,,,,
Total 6170  Equipment Rental,,,,,
6175  Expensed Equipment,,,,,
Total 6175  Expensed Equipment,,,,,
6180  Insurance,,,,,
6181  Fire & Risks,,,,,
Total 6181  Fire & Risks,,,,,
6185  Professional Indemnity Insuranc,,,,,
Total 6185  Professional Indemnity Insuranc,,,,,
6186  Sickness and accident Insurance,,,,,
Total 6186  Sickness and accident Insurance,,,,,
6187  Employer's Liability,,,,,
Total 6187  Employer's Liability,,,,,
6188  Employee Compensation,,,,,
Total 6188  Employee Compensation,,,,,
6180  Insurance - Other,,,,,
Total 6180  Insurance - Other,,,,,
Total 6180  Insurance,,,,,
6200  Interest Expense,,,,,
6202  Finance Charge,,,,,
Total 6202  Finance Charge,,,,,
6204  Loan Interest,,,,,
Total 6204  Loan Interest,,,,,
6208  Mortgage,,,,,
Total 6208  Mortgage,,,,,
6200  Interest Expense - Other,,,,,
Total 6200  Interest Expense - Other,,,,,
Total 6200  Interest Expense,,,,,
6230  Licenses and Permits,,,,,
6231  Business Registration,,,,,
Total 6231  Business Registration,,,,,
6230  Licenses and Permits - Other,,,,,
Total 6230  Licenses and Permits - Other,,,,,
Total 6230  Licenses and Permits,,,,,
6240  Miscellaneous,,,,,
,25/01/2011,6240  Miscellaneous,329,,329
,11/03/2011,6240  Miscellaneous,25.64,,25.64
Total 6240  Miscellaneous,,,354.64,0,354.64
6250  Postage and Delivery,,,,,
Total 6250  Postage and Delivery,,,,,
6260  Printing and Reproduction,,,,,
Total 6260  Printing and Reproduction,,,,,
6270  Professional Fees,,,,,
6271  Accounting,,,,,
Total 6271  Accounting,,,,,
6272  Legal Fees,,,,,
Total 6272  Legal Fees,,,,,
6273  Audit Fee,,,,,
Total 6273  Audit Fee,,,,,
6275  Other Professional Services,,,,,
,7/01/2011,6275  Other Professional Services,320.51,,320.51
Total 6275  Other Professional Services,,,320.51,0,320.51
6276  Disbursements,,,,,
,7/01/2011,6276  Disbursements,19.87,,19.87
Total 6276  Disbursements,,,19.87,0,19.87
6270  Professional Fees - Other,,,,,
Total 6270  Professional Fees - Other,,,,,
Total 6270  Professional Fees,,,340.38,0,340.38
6280  Repairs,,,,,
6281  Building Repairs,,,,,
Total 6281  Building Repairs,,,,,
6282  Computer Repairs,,,,,
Total 6282  Computer Repairs,,,,,
6283  Equipment Repairs,,,,,
Total 6283  Equipment Repairs,,,,,
6285  Janitorial Exp,,,,,
Total 6285  Janitorial Exp,,,,,
6280  Repairs - Other,,,,,
Total 6280  Repairs - Other,,,,,
Total 6280  Repairs,,,,,
6290  Subscriptions,,,,,
Total 6290  Subscriptions,,,,,
6300  Software Expense,,,,,
Total 6300  Software Expense,,,,,
6310  EDP Consumables,,,,,
Total 6310  EDP Consumables,,,,,
6320  Telephone,,,,,
6321  Installation,,,,,
Total 6321  Installation,,,,,
6322  Internet Charges,,,,,
,25/01/2011,6322  Internet Charges,31.28,,31.28
,11/03/2011,6322  Internet Charges,62.56,,62.56
Total 6322  Internet Charges,,,93.84,0,93.84
6323  ISD Calls,,,,,
Total 6323  ISD Calls,,,,,
6325  Local Calls,,,,,
Total 6325  Local Calls,,,,,
6326  Service Fee,,,,,
,26/02/2011,6326  Service Fee,42.31,,42.31
,26/03/2011,6326  Service Fee,719.1,,719.1
Total 6326  Service Fee,,,761.41,0,761.41
6327  Fax,,,,,
Total 6327  Fax,,,,,
6330  Mobile,,,,,
6331  ISD Calls,,,,,
Total 6331  ISD Calls,,,,,
6332  Local Calls,,,,,
Total 6332  Local Calls,,,,,
6335  Service Charge,,,,,
,25/01/2011,6335  Service Charge,20.65,,20.65
,11/03/2011,6335  Service Charge,49.76,,49.76
Total 6335  Service Charge,,,70.41,0,70.41
6330  Mobile - Other,,,,,
Total 6330  Mobile - Other,,,,,
Total 6330  Mobile,,,70.41,0,70.41
6320  Telephone - Other,,,,,
Total 6320  Telephone - Other,,,,,
Total 6320  Telephone,,,925.66,0,925.66
6340  Bad Debts,,,,,
Total 6340  Bad Debts,,,,,
6350  Travel and Acc.,,,,,
6351  Accommodation,,,,,
Total 6351  Accommodation,,,,,
6352  Meals,,,,,
Total 6352  Meals,,,,,
6353  Travel,,,,,
Total 6353  Travel,,,,,
6354  Travel Insurance,,,,,
Total 6354  Travel Insurance,,,,,
6355  Local Transportation,,,,,
Total 6355  Local Transportation,,,,,
6356  Per Diem Allowances,,,,,
Total 6356  Per Diem Allowances,,,,,
6357  Airfares,,,,,
Total 6357  Airfares,,,,,
6350  Travel and Acc. - Other,,,,,
Total 6350  Travel and Acc. - Other,,,,,
Total 6350  Travel and Acc.,,,,,
6360  Stamp Duties,,,,,
Total 6360  Stamp Duties,,,,,
6390  Utilities,,,,,
6392  Gas and Electric,,,,,
,24/01/2011,6392  Gas and Electric,101.03,,101.03
,23/02/2011,6392  Gas and Electric,95,,95
,28/03/2011,6392  Gas and Electric,110.26,,110.26
Total 6392  Gas and Electric,,,306.29,0,306.29
6396  Water,,,,,
Total 6396  Water,,,,,
6390  Utilities - Other,,,,,
Total 6390  Utilities - Other,,,,,
Total 6390  Utilities,,,306.29,0,306.29
6550  Office Supplies,,,,,
6551  Copier Service,,,,,
Total 6551  Copier Service,,,,,
6552  Miscellaneous,,,,,
Total 6552  Miscellaneous,,,,,
6553  Stationery,,,,,
Total 6553  Stationery,,,,,
6550  Office Supplies - Other,,,,,
Total 6550  Office Supplies - Other,,,,,
Total 6550  Office Supplies,,,,,
6555  Outside Services,,,,,
Total 6555  Outside Services,,,,,
6560  Payroll Expenses,,,,,
Total 6560  Payroll Expenses,,,,,
66900  Reconciliation Discrepancies,,,,,
Total 66900  Reconciliation Discrepancies,,,,,
6700  Development Costs External,,,,,
6710  Software Development Expense,,,,,
,31/01/2011,6710  Software Development Expense,11086,,11086
Total 6710  Software Development Expense,,,11086,0,11086
6720  Documentation Development Costs,,,,,
Total 6720  Documentation Development Costs,,,,,
6730  Product Testing Costs,,,,,
Total 6730  Product Testing Costs,,,,,
6700  Development Costs External - Other,,,,,
Total 6700  Development Costs External - Other,,,,,
Total 6700  Development Costs External,,,11086,0,11086
6750  Business Development Costs,,,,,
Total 6750  Business Development Costs,,,,,
6998  Expenses Suspense,,,,,
Total 6998  Expenses Suspense,,,,,
6999  Uncategorised Expenses,,,,,
Total 6999  Uncategorised Expenses,,,,,
7010  Interest Income,,,,,
,31/01/2011,7010  Interest Income,,0.95,-0.95
,28/02/2011,7010  Interest Income,,0.78,-0.78
,21/03/2011,7010  Interest Income,,0.47,-0.47
,30/04/2011,7010  Interest Income,,0.45,-0.45
Total 7010  Interest Income,,,0,2.65,-2.65
7020  Sundry Income Account,,,,,
Total 7020  Sundry Income Account,,,,,
7030  Other Income,,,,,
Total 7030  Other Income,,,,,
6800  Taxes,,,,,
6830  Corporate,,,,,
Total 6830  Corporate,,,,,
6850  Property,,,,,
Total 6850  Property,,,,,
6860  Late Lodgement Penalty,,,,,
Total 6860  Late Lodgement Penalty,,,,,
6800  Taxes - Other,,,,,
Total 6800  Taxes - Other,,,,,
Total 6800  Taxes,,,,,
8010  Other Expenses,,,,,
8012  Dividend Paid,,,,,
Total 8012  Dividend Paid,,,,,
8014  Bad Debt,,,,,
Total 8014  Bad Debt,,,,,
8010  Other Expenses - Other,,,,,
Total 8010  Other Expenses - Other,,,,,
Total 8010  Other Expenses,,,,,
8013  Impairment loss Amt due fm Subs,,,,,
Total 8013  Impairment loss Amt due fm Subs,,,,,
8020  Curr. Exch Loss/(Gain),,,,,
Total 8020  Curr. Exch Loss/(Gain),,,,,
8030  Unclaimed GST,,,,,
Total 8030  Unclaimed GST,,,,,
8040  Witholding Tax Penalties,,,,,
Total 8040  Witholding Tax Penalties,,,,,
